<?xml version="1.0" encoding="UTF-8"?>
<ruleset name="Game ruleset"
         xmlns="http://pmd.sourceforge.net/ruleset/2.0.0"
         xmlns:xsi="http://www.w3.org/2001/XMLSchema-instance"
         xsi:schemaLocation="http://pmd.sourceforge.net/ruleset/2.0.0 http://pmd.sourceforge.net/ruleset_2_0_0.xsd"
         xsi:noNamespaceSchemaLocation="http://pmd.sourceforge.net/ruleset_2_0_0.xsd">

    <description>
        This ruleset is for checking of nasty stuff in student's project code.
    </description>

    <rule ref="category/java/errorprone.xml/ReturnFromFinallyBlock"/>
    <rule ref="category/java/errorprone.xml/UnconditionalIfStatement"/>
    <rule ref="category/java/design.xml/CollapsibleIfStatements"/>

    <rule ref="category/java/design.xml/ExcessiveMethodLength"/>
    <rule ref="category/java/design.xml/ExcessiveParameterList"/>
    <rule ref="category/java/design.xml/ExcessiveClassLength"/>
    <rule ref="category/java/design.xml/ExcessivePublicCount"/>
    <rule ref="category/java/design.xml/CyclomaticComplexity"/>
    <rule ref="category/java/design.xml/TooManyFields"/>

    <rule ref="category/java/errorprone.xml/AssignmentInOperand"/>

    <rule ref="category/java/design.xml/CouplingBetweenObjects"/>
    <rule ref="category/java/design.xml/ExcessiveImports"/>
    <rule ref="category/java/bestpractices.xml/LooseCoupling"/>

    <rule ref="category/java/bestpractices.xml/SwitchStmtsShouldHaveDefault"/>
    <rule ref="category/java/design.xml/AvoidDeeplyNestedIfStmts"/>
    <rule ref="category/java/bestpractices.xml/AvoidReassigningParameters"/>
    <rule ref="category/java/bestpractices.xml/DefaultLabelNotLastInSwitchStmt"/>
    <rule ref="category/java/errorprone.xml/NonCaseLabelInSwitchStatement"/>
    <rule ref="category/java/errorprone.xml/EqualsNull"/>
    <rule ref="category/java/errorprone.xml/IdempotentOperations"/>
    <rule ref="category/java/errorprone.xml/AssignmentToNonFinalStatic"/>
    <rule ref="category/java/errorprone.xml/MissingStaticMethodInNonInstantiatableClass"/>
    <rule ref="category/java/errorprone.xml/MissingBreakInSwitch"/>
    <rule ref="category/java/errorprone.xml/AvoidInstanceofChecksInCatchClause"/>
    <rule ref="category/java/design.xml/SimplifyConditional"/>
    <rule ref="category/java/codestyle.xml/UnnecessaryLocalBeforeReturn"/>
    <rule ref="category/java/bestpractices.xml/ConstantsInInterface"/>
    <rule ref="category/java/bestpractices.xml/UseCollectionIsEmpty"/>
    <rule ref="category/java/codestyle.xml/EmptyMethodInAbstractClassShouldBeAbstract"/>
    <rule ref="category/java/design.xml/SingularField"/>
    <rule ref="category/java/design.xml/AbstractClassWithoutAnyMethod"/>
    <rule ref="category/java/performance.xml/TooFewBranchesForASwitchStatement"/>

    <rule ref="category/java/errorprone.xml/EmptyCatchBlock"/>
    <rule ref="category/java/errorprone.xml/EmptyIfStmt"/>
    <rule ref="category/java/errorprone.xml/EmptyWhileStmt"/>
    <rule ref="category/java/errorprone.xml/EmptyTryBlock"/>
    <rule ref="category/java/errorprone.xml/EmptyFinallyBlock"/>
    <rule ref="category/java/errorprone.xml/EmptyStatementNotInLoop"/>

    <rule ref="category/java/codestyle.xml/DuplicateImports"/>
    <rule ref="category/java/codestyle.xml/DontImportJavaLang"/>
    <rule ref="category/java/bestpractices.xml/UnusedImports"/>
    <rule ref="category/java/errorprone.xml/ImportFromSamePackage"/>

    <rule ref="category/java/errorprone.xml/JUnitStaticSuite"/>
    <rule ref="category/java/errorprone.xml/JUnitSpelling"/>
    <rule ref="category/java/bestpractices.xml/JUnitAssertionsShouldIncludeMessage"/>
    <rule ref="category/java/bestpractices.xml/JUnitTestsShouldIncludeAssert"/>
    <rule ref="category/java/errorprone.xml/TestClassWithoutTestCases"/>
    <rule ref="category/java/errorprone.xml/UnnecessaryBooleanAssertion"/>
    <rule ref="category/java/bestpractices.xml/UseAssertNullInsteadOfAssertTrue"/>
    <rule ref="category/java/design.xml/SimplifyBooleanAssertion"/>

    <rule ref="category/java/codestyle.xml/ShortMethodName"/>
    <rule ref="category/java/codestyle.xml/MethodNamingConventions"/>
    <rule ref="category/java/codestyle.xml/ClassNamingConventions"/>
    <rule ref="category/java/codestyle.xml/AvoidDollarSigns"/>
    <rule ref="category/java/errorprone.xml/MethodWithSameNameAsEnclosingClass"/>
    <rule ref="category/java/errorprone.xml/SuspiciousHashcodeMethodName"/>
    <rule ref="category/java/errorprone.xml/SuspiciousEqualsMethodName"/>
    <rule ref="category/java/errorprone.xml/AvoidFieldNameMatchingTypeName"/>
    <rule ref="category/java/codestyle.xml/NoPackage"/>
    <rule ref="category/java/codestyle.xml/PackageCase"/>
    <rule ref="category/java/codestyle.xml/BooleanGetMethodName"/>

    <rule ref="category/java/performance.xml/UnnecessaryWrapperObjectCreation"/>
    <rule ref="category/java/performance.xml/AddEmptyString"/>

    <rule ref="category/java/design.xml/ExceptionAsFlowControl"/>
    <rule ref="category/java/errorprone.xml/AvoidCatchingThrowable"/>
    <rule ref="category/java/errorprone.xml/AvoidCatchingNPE"/>
    <rule ref="category/java/design.xml/AvoidThrowingNullPointerException"/>
    <rule ref="category/java/design.xml/AvoidRethrowingException"/>
    <rule ref="category/java/errorprone.xml/DoNotThrowExceptionInFinally"/>
    <rule ref="category/java/design.xml/AvoidThrowingNewInstanceOfSameException"/>

    <rule ref="category/java/errorprone.xml/AvoidDuplicateLiterals"/>
    <rule ref="category/java/performance.xml/StringInstantiation"/>
    <rule ref="category/java/performance.xml/StringToString"/>
    <rule ref="category/java/errorprone.xml/UnnecessaryCaseChange"/>
    <rule ref="category/java/performance.xml/UseIndexOfChar"/>
    <rule ref="category/java/performance.xml/UselessStringValueOf"/>
    <rule ref="category/java/errorprone.xml/UseEqualsToCompareStrings"/>

    <rule ref="category/java/bestpractices.xml/UnusedLocalVariable"/>
    <rule ref="category/java/bestpractices.xml/UnusedPrivateField"/>
    <rule ref="category/java/bestpractices.xml/UnusedPrivateMethod"/>
    <rule ref="category/java/bestpractices.xml/UnusedFormalParameter"/>

    <rule ref="category/java/errorprone.xml/UnnecessaryConversionTemporary"/>
    <rule ref="category/java/codestyle.xml/UnnecessaryReturn"/>
    <rule ref="category/java/design.xml/UselessOverridingMethod"/>

</ruleset>
